{
  "author": "",
  "category": "",
  "extensionNamespace": "",
  "fullName": "",
  "helpPath": "",
  "iconUrl": "",
  "name": "Player",
  "previewIconUrl": "",
  "shortDescription": "",
  "version": "",
  "description": "",
  "tags": [],
  "authorIds": [],
  "dependencies": [],
  "eventsFunctions": [
    {
      "description": "Trigger character death",
      "fullName": "Trigger character death",
      "functionType": "Action",
      "name": "Function",
      "sentence": "Trigger _PARAM1_ death",
      "events": [
        {
          "type": "BuiltinCommonInstructions::Comment",
          "color": {
            "b": 109,
            "g": 230,
            "r": 255,
            "textB": 0,
            "textG": 0,
            "textR": 0
          },
          "comment": "If player is dead move back to the last saved checkpoint position"
        },
        {
          "type": "BuiltinCommonInstructions::Standard",
          "conditions": [],
          "actions": [
            {
              "type": {
                "value": "Checkpoints::LoadCheckpoint"
              },
              "parameters": [
                "",
                "Player",
                "Player",
                "\"Return\"",
                "",
                ""
              ]
            },
            {
              "type": {
                "value": "PlaySound"
              },
              "parameters": [
                "",
                "8801d2d6cde766d642136e3fb8749862146cc40b5ed144379f7ff14315c489f7_death.aac",
                "",
                "50",
                "2"
              ]
            }
          ]
        }
      ],
      "parameters": [
        {
          "description": "",
          "name": "Player",
          "supplementaryInformation": "Sprite",
          "type": "objectList"
        }
      ],
      "objectGroups": []
    },
    {
      "description": "Character is stepping on the floor",
      "fullName": "Character is stepping on the floor",
      "functionType": "Condition",
      "name": "Function2",
      "sentence": "_PARAM1_ is stepping on the floor",
      "events": [
        {
          "type": "BuiltinCommonInstructions::Standard",
          "conditions": [
            {
              "type": {
                "value": "PlatformBehavior::IsOnFloor"
              },
              "parameters": [
                "Player",
                "PlatformerObject"
              ]
            },
            {
              "type": {
                "value": "AnimationName"
              },
              "parameters": [
                "Player",
                "\"Run\""
              ]
            },
            {
              "type": {
                "value": "BuiltinCommonInstructions::Or"
              },
              "parameters": [],
              "subInstructions": [
                {
                  "type": {
                    "value": "Sprite"
                  },
                  "parameters": [
                    "Player",
                    "=",
                    "4"
                  ]
                },
                {
                  "type": {
                    "value": "Sprite"
                  },
                  "parameters": [
                    "Player",
                    "=",
                    "14"
                  ]
                }
              ]
            }
          ],
          "actions": [
            {
              "type": {
                "value": "SetReturnBoolean"
              },
              "parameters": [
                "True"
              ]
            }
          ]
        }
      ],
      "parameters": [
        {
          "description": "",
          "name": "Player",
          "supplementaryInformation": "Sprite",
          "type": "objectList"
        },
        {
          "description": "",
          "name": "PlatformerObject",
          "supplementaryInformation": "PlatformBehavior::PlatformerObjectBehavior",
          "type": "behavior"
        }
      ],
      "objectGroups": []
    }
  ],
  "eventsBasedBehaviors": [],
  "eventsBasedObjects": []
}