{
  "author": "",
  "category": "",
  "extensionNamespace": "",
  "fullName": "",
  "helpPath": "",
  "iconUrl": "",
  "name": "UntitledExtension",
  "previewIconUrl": "",
  "shortDescription": "",
  "version": "",
  "description": "",
  "tags": [],
  "authorIds": [],
  "dependencies": [],
  "eventsFunctions": [
    {
      "description": "Set volume based on falloff",
      "fullName": "Set volume based on falloff",
      "functionType": "Action",
      "name": "Function",
      "sentence": "Volume falloff on channel _PARAM1_ (type _PARAM2_) from _PARAM3_ to _PARAM4_ with volume from _PARAM5_ to _PARAM6_ starting at a distance of _PARAM7_ pixels",
      "events": [
        {
          "type": "BuiltinCommonInstructions::Standard",
          "conditions": [
            {
              "type": {
                "value": "BuiltinCommonInstructions::CompareStrings"
              },
              "parameters": [
                "GetArgumentAsString(\"AudioType\")",
                "=",
                "\"Sound\""
              ]
            }
          ],
          "actions": [
            {
              "type": {
                "value": "ModVolumeSoundCanal"
              },
              "parameters": [
                "",
                "GetArgumentAsNumber(\"Channel\")",
                "=",
                "lerp(GetArgumentAsNumber(\"MinVol\"), GetArgumentAsNumber(\"MaxVol\"), max((GetArgumentAsNumber(\"MaxDistance\") - DistanceBetweenPositions(Source.X(), Source.Y(), Target.X(), Target.Y()))/GetArgumentAsNumber(\"MaxDistance\"), 0))"
              ]
            }
          ]
        },
        {
          "type": "BuiltinCommonInstructions::Standard",
          "conditions": [
            {
              "type": {
                "value": "BuiltinCommonInstructions::CompareStrings"
              },
              "parameters": [
                "GetArgumentAsString(\"AudioType\")",
                "=",
                "\"Music\""
              ]
            }
          ],
          "actions": [
            {
              "type": {
                "value": "ModVolumeSoundCanal"
              },
              "parameters": [
                "",
                "GetArgumentAsNumber(\"Channel\")",
                "=",
                "lerp(GetArgumentAsNumber(\"MinVol\"), GetArgumentAsNumber(\"MaxVol\"), max((GetArgumentAsNumber(\"MaxDistance\") - DistanceBetweenPositions(Source.X(), Source.Y(), Target.X(), Target.Y()))/GetArgumentAsNumber(\"MaxDistance\"), 0))"
              ]
            }
          ]
        }
      ],
      "parameters": [
        {
          "description": "Channel identifier",
          "name": "Channel",
          "type": "expression"
        },
        {
          "description": "Audio type",
          "name": "AudioType",
          "supplementaryInformation": "[\"Music\",\"Sound\"]",
          "type": "stringWithSelector"
        },
        {
          "description": "source object",
          "name": "Source",
          "type": "objectList"
        },
        {
          "description": "Target Object",
          "name": "Target",
          "type": "objectList"
        },
        {
          "description": "Mini Volume",
          "name": "MinVol",
          "type": "expression"
        },
        {
          "description": "Max Volume",
          "name": "MaxVol",
          "supplementaryInformation": "PanelSpriteObject::PanelSprite",
          "type": "expression"
        },
        {
          "description": "Max Distance",
          "name": "MaxDistance",
          "type": "expression"
        }
      ],
      "objectGroups": []
    }
  ],
  "eventsBasedBehaviors": [],
  "eventsBasedObjects": []
}