{
  "author": "",
  "category": "",
  "extensionNamespace": "",
  "fullName": "",
  "helpPath": "",
  "iconUrl": "",
  "name": "UserInterface",
  "previewIconUrl": "",
  "shortDescription": "",
  "version": "",
  "description": "",
  "tags": [],
  "authorIds": [],
  "dependencies": [],
  "eventsFunctions": [
    {
      "description": "Stretch to fill the screen",
      "fullName": "Stretch to fill the screen",
      "functionType": "Action",
      "name": "Function",
      "sentence": "Stretch _PARAM1_ to fill the screen",
      "events": [
        {
          "type": "BuiltinCommonInstructions::Standard",
          "conditions": [],
          "actions": [
            {
              "type": {
                "value": "TiledSpriteObject::Width"
              },
              "parameters": [
                "EndScreenBackground",
                "=",
                "CameraWidth(EndScreenBackground.Layer())"
              ]
            },
            {
              "type": {
                "value": "TiledSpriteObject::Height"
              },
              "parameters": [
                "EndScreenBackground",
                "=",
                "CameraHeight(EndScreenBackground.Layer())"
              ]
            }
          ]
        }
      ],
      "parameters": [
        {
          "description": "",
          "name": "EndScreenBackground",
          "supplementaryInformation": "TiledSpriteObject::TiledSprite",
          "type": "objectList"
        }
      ],
      "objectGroups": [
        {
          "name": "EndScreenObject",
          "objects": []
        }
      ]
    }
  ],
  "eventsBasedBehaviors": [],
  "eventsBasedObjects": []
}